Video Filename,1,Activity Int,5,Activity Name,story_echo,Feedback,-1,Backbutton,Unknown
Time,State,Head Proximity,Head Orientation,Gaze Direction,Eye Aspect Ratio,Pupil Ratio,Lines,Picture Side
0.03357902503781915,temp,0.4886802124088922,0.3012719747681289,0.2976188838094787,0.015391545643023297,0.18073711999962122,0.2866122842854759,"0
"
0.0671580500756383,temp,0.48962648008456405,0.29897052020304876,0.2944095786485216,0.019473617086090095,0.17618176358598892,0.2866109918652261,"0
"
0.10073707511345743,temp,0.4881464739194579,0.30648626751033453,0.30082054451117524,0.013342865358845263,0.17806034376637137,0.2866109918652261,"0
"
0.1343161001512766,temp,0.4885147080692658,0.3165061145271242,0.305486497246605,0.020014181077349202,0.17507236543334082,0.28662069960722064,"0
"
0.16789512518909572,temp,0.4884244158516239,0.31405691672971187,0.3038963639137527,0.018359237052512675,0.18292051066653361,0.2864972798038394,"0
"
0.20147415022691487,temp,0.4891335298259566,0.3248317723140246,0.30920058214692936,0.022190967514084378,0.17063610852272834,0.28647532856189944,"0
"
0.23505317526473402,temp,0.48741740838833403,0.33326444366068114,0.31460610292872576,0.022078558534868398,0.1737731052032925,0.28647852030790866,"0
"
0.2686322003025532,temp,0.48665126117169366,0.337433950784476,0.3173200277322564,0.015687330768562508,0.17078989914276982,0.28647852030790866,"0
"
0.3022112253403723,temp,0.4863264027379143,0.3388636211796872,0.3122178726466504,0.02192568844615768,0.17547820234221806,0.28647852030790866,"0
"
0.33579025037819143,temp,0.48643381872563096,0.33968572919317347,0.31129567937894675,0.017933283133598616,0.1691295914135586,0.28647852030790866,"0
"
0.3693692754160106,temp,0.4872952082670216,0.343120017690161,0.31582590140772177,0.019499569046715737,0.17469767916619705,0.28647852030790866,"0
"
0.40294830045382973,temp,0.4876424612356885,0.34562126922737824,0.31646958779636314,0.01977390865481029,0.1728131223864573,0.28647852030790866,"0
"
0.4365273254916489,temp,0.4859331332601225,0.3484051570406249,0.3165469949312424,0.01937700028405701,0.17246075825613494,0.28647852030790866,"0
"
0.47010635052946803,temp,0.4840547696283965,0.3536426841570631,0.3173168763239674,0.021973754560848994,0.17705201308227486,0.28647852030790866,"0
"
0.5036853755672872,temp,0.4845259229391138,0.36308144345505894,0.323878063474512,0.021923740061259973,0.1709083468998147,0.28647852030790866,"0
"
0.5372644006051064,temp,0.4832268411419217,0.36980724879260735,0.3295087252259036,0.022119432954931347,0.1711400461864716,0.28647852030790866,"0
"
0.5708434256429255,temp,0.4832956962357517,0.37379324953151977,0.33085495311389856,0.021713866413846178,0.17604319167202526,0.28624568798580524,"0
"
0.6044224506807446,temp,0.4828861149380877,0.37529677838377506,0.3309274845037807,0.017026232732159738,0.16862229692523983,0.2862289309082394,"0
"
0.6380014757185638,temp,0.48254543827498775,0.3770210978681429,0.3308473968463406,0.01921165936383589,0.17729725393319617,0.2862289309082394,"0
"
0.6715805007563829,temp,0.4839811256650408,0.3757952736683231,0.32936909387494145,0.023889003948717104,0.1744511664679592,0.28622764198353656,"0
"
0.705159525794202,temp,0.48658467916694625,0.36737259685133333,0.3218400223713639,0.026199018694205677,0.18448400101577123,0.28622764198353656,"0
"
0.7387385508320212,temp,0.4877922611112235,0.36236335830283944,0.3194761336938958,0.019796391778673497,0.16845755841794907,0.28622764198353656,"0
"
0.7723175758698404,temp,0.48873196130394414,0.3643149540351075,0.32104361074470866,0.019513763094710194,0.17161160638279682,0.28622764198353656,"0
"
0.8058966009076595,temp,0.48884135463358663,0.3710746591058874,0.3243593686021725,0.019518071725514063,0.17227880805816773,0.28622764198353656,"0
"
0.8394756259454786,temp,0.4882810768399693,0.3734385448025988,0.32512920508622417,0.019664901077710375,0.1735338776797538,0.28622764198353656,"0
"
0.8730546509832978,temp,0.4894711738192557,0.3812697539198709,0.33292942195005837,0.01801059564154417,0.1718663965938938,0.28622764198353656,"0
"
0.9066336760211169,temp,0.4898370137096624,0.3800399863089456,0.33292942195005837,0.020154222069568465,0.17309100315440498,0.28622764198353656,"0
"
0.9402127010589361,temp,0.48942883037271107,0.37667896127300354,0.33305404966761776,0.02023364064251831,0.17392991393825563,0.28622764198353656,"0
"
0.9737917260967552,temp,0.48791713435787437,0.37309639863157285,0.331074009852782,0.02261558924606953,0.16916376603335814,0.28622764198353656,"0
"
1.0073707511345744,temp,0.4874475869260202,0.363639456659011,0.32379005543716133,0.02256968975214429,0.17269488549819148,0.28624115135904316,"0
"
1.0409497761723936,temp,0.4887726976826754,0.3597928225684018,0.321024921150991,0.024811789319393193,0.17610317541894072,0.2862546607345498,"0
"
1.0745288012102128,temp,0.4884435381904443,0.3580843867612949,0.3173515400939469,0.020194584433635584,0.17368113932275792,0.2862681701100564,"0
"
1.1081078262480317,temp,0.48984962998863235,0.36183383051893697,0.3191880323571045,0.02049978550724929,0.17319348204481333,0.2862681701100564,"0
"
1.141686851285851,temp,0.49018334325025775,0.36181302607338706,0.31864870939641354,0.025069154904626675,0.18260963270869424,0.2862951888610696,"0
"
1.17526587632367,temp,0.48931410157484734,0.373094322634511,0.3303604092502611,0.023994245866482973,0.17508517872819798,0.286281679485563,"0
"
1.2088449013614893,temp,0.48978924038814897,0.36548469320187427,0.32654708695684304,0.022808823934961423,0.17583468297200286,0.2862951888610696,"0
"
1.2424239263993084,temp,0.48935446253201775,0.3587395909947795,0.3240015432062014,0.026681762236908668,0.18068541452453574,0.2863086982365762,"0
"
1.2760029514371276,temp,0.4879329769548273,0.36703637444607695,0.0,0.02772664413173016,0.17483022301446222,0.28632220761208277,"0
"
1.3095819764749468,temp,0.48551030885038887,0.3704536431020902,0.0,0.024782517598721902,0.17486770031900045,0.28632220761208277,"0
"
1.3431610015127657,temp,0.4863378763781411,0.3748444567056393,0.0,0.024497023471788372,0.18257087936928407,0.28633571698758936,"0
"
1.376740026550585,temp,0.48432787448173986,0.3784057264758377,0.0,0.02473249571460559,0.18367101803117353,0.28633571698758936,"0
"
1.410319051588404,temp,0.4845177912110143,0.3744582477707749,0.0,0.027141504049052023,0.18205987720365807,0.28690751236417456,"0
"
1.4438980766262233,temp,0.4837070807834014,0.37584419769991495,0.0,0.02473886323910633,0.1800168884416764,0.2870097862198469,"0
"
1.4774771016640424,temp,0.48531607226631185,0.3800188922482157,0.0,0.029613735697395633,0.18777669134374692,0.2870097862198469,"0
"
1.5110561267018616,temp,0.4853230058425007,0.38105405001712617,0.0,0.02933958528649378,0.18275004221723706,0.2870305164319249,"0
"
1.5446351517396808,temp,0.4786771041109027,0.4064940907918075,0.0,0.029665701164879467,0.18196319126087523,0.28706220147535505,"0
"
1.5782141767774998,temp,0.4757829442088062,0.42219740459780714,0.0,0.027790813469722505,0.17116697066828246,0.2870712305761469,"0
"
1.611793201815319,temp,0.4738364380247682,0.38792745315162047,0.0,0.012545864739160622,0.17975282910603252,0.28725288228703605,"0
"
1.645372226853138,temp,0.47360498308189286,0.3732195033858144,0.0,0.022613358452697397,0.17843127101843986,0.287066716025751,"0
"
1.6789512518909573,temp,0.4741331774934127,0.3627911026202664,0.0,0.020295899616576248,0.17740430611243607,0.2872799884347103,"0
"
1.7125302769287765,temp,0.4857223383786255,0.3647821694524557,0.3329399345227304,0.02585361441846834,0.17558948376500144,0.2870802596769388,"0
"
1.7461093019665956,temp,0.4835736241773325,0.36668779749983005,0.33329416436535464,0.02412160599767436,0.1765783388262359,0.2870776676237427,"0
"
1.7796883270044148,temp,0.4779887341768632,0.3552063908005248,0.0,0.02789399776681973,0.17180212217471674,0.2872799884347103,"0
"
1.8132673520422338,temp,0.4754259353464007,0.36180153588390634,0.0,0.026167442204560853,0.18098672607260624,0.28709380332812656,"0
"
1.846846377080053,temp,0.475301861978259,0.3601270956065103,0.0,0.026167442204560853,0.17582630716841158,0.28729224361088396,"0
"
1.8804254021178721,temp,0.4737050348054156,0.3497407687193666,0.3246921619010844,0.026474635850113677,0.1673776415878576,0.2871060508245789,"0
"
1.9140044271556913,temp,0.4760682093986113,0.3986718524576632,0.3650164379860173,0.026801413961440868,0.17239135531583133,0.2871170020179767,"0
"
1.9475834521935105,temp,0.4750067473204986,0.4034400741681386,0.37062110031675205,0.02899810844444685,0.17081893076302018,0.2871170020179767,"0
"
1.9811624772313297,temp,0.4745352779298922,0.4011500233113688,0.36866515973170016,0.0317550809072403,0.17394478020899007,0.2873329026487104,"0
"
2.014741502269149,temp,0.4656601550487222,0.4063456827847828,0.3729731893849744,0.027459620614135007,0.17648603649724798,0.28714668159471257,"0
"
2.048320527306968,temp,0.4594485063638797,0.39124571428579746,0.3687058448139926,0.029292727701084577,0.16989193868259572,0.2871420768234163,"0
"
2.081899552344787,temp,0.4529510900748556,0.4034378464133686,0.37007161469099464,0.02800834802792539,0.17387395604099448,0.28714668159471257,"0
"
2.115478577382606,temp,0.4406450498984415,0.4157498357635924,0.38203926499772245,0.03338777230292571,0.17009903546534755,0.28714408895349625,"0
"
2.1490576024204255,temp,0.43865866000798387,0.410299882318347,0.3811469532870491,0.029131383971776906,0.18132679394285509,0.2873600086739281,"0
"
2.1826366274582445,temp,0.43534333577074547,0.41061247483734115,0.3830117491670458,0.033218283704364,0.18025546194649544,0.28716022518475715,"0
"
2.2162156524960634,temp,0.43617420831589754,0.4034562391640484,0.37811373950175364,0.027610177365128663,0.18132499778410438,0.2871711758890158,"0
"
2.249794677533883,temp,0.43028942585194907,0.38631687247138313,0.36404670030093667,0.02720220622372216,0.17189174673668936,0.2885837112708699,"0
"
2.283373702571702,temp,0.4273166741422572,0.36433899508849815,0.0,0.026434306023654732,0.18089517555913287,0.28858221739545326,"0
"
2.316952727609521,temp,0.442291012795874,0.29612724840111665,0.2966546814058393,0.022850196895499213,0.1792617336158832,0.28860170492756787,"0
"
2.35053175264734,temp,0.4438781139006518,0.29835821674188057,0.2951694428629088,0.020922925431382567,0.17978418681612582,0.28861533707763054,"0
"
2.3841107776851596,temp,0.4480525080835951,0.31029852804755603,0.29805536398461274,0.026857849281103227,0.17334146964509112,0.28862896922769327,"0
"
2.4176898027229785,temp,0.4477655189940377,0.3020985974010091,0.2938196725884773,0.02532473883333785,0.17193678041645105,0.288642601377756,"0
"
2.4512688277607975,temp,0.44806506223984927,0.30211134219453883,0.2940017006753532,0.028280816553009396,0.17483977176575632,0.288642601377756,"0
"
2.484847852798617,temp,0.44796759927476903,0.3011289479750611,0.2930187707297947,0.028280816553009396,0.1707513040115382,0.2886503778360423,"0
"
2.518426877836436,temp,0.4479978682984998,0.3188503116744586,0.3025177680732158,0.02348467419389233,0.17257488428991996,0.28824516831503494,"0
"
2.552005902874255,temp,0.4463902888728651,0.3097006662437577,0.29578708558691336,0.026236643239899365,0.17329429782206224,0.28831322021595135,"0
"
2.585584927912074,temp,0.445986759893161,0.3076147490987521,0.29456747953567447,0.030165739770542987,0.17457233952830686,0.2882445546396149,"0
"
2.6191639529498936,temp,0.4368598631140197,0.34202532619688736,0.31548375552474966,0.0286490516319133,0.1733587729587879,0.2882445546396149,"0
"
2.6527429779877125,temp,0.43131300699144237,0.348712000012685,0.3251891757116156,0.031731013171343914,0.17662392485871475,0.2881625730145485,"0
"
2.6863220030255315,temp,0.4237279079786933,0.3561023817578958,0.3316881065097149,0.029229138312901505,0.17426769286500882,0.28862316209838446,"0
"
2.719901028063351,temp,0.41715352090087887,0.36193281064233485,0.3361220016601115,0.025829405762549777,0.1723095611393784,0.2882979639372641,"0
"
2.75348005310117,temp,0.4122020621006159,0.36460916327334264,0.33687534786623974,0.029673133745856485,0.17461324658929012,0.2883404718199742,"0
"
2.7870590781389892,temp,0.41150859043281224,0.3706553641455096,0.3401249770305027,0.029176585237691864,0.17402595479025207,0.2883404718199742,"0
"
2.820638103176808,temp,0.43011875104440633,0.32659544553871545,0.30054117854297435,0.026950890695881996,0.1751532222239734,0.2883404718199742,"0
"
2.8542171282146276,temp,0.4174834128441512,0.3664201700278407,0.3332221481234403,0.034748033311742726,0.1738133024665163,0.2883540689373853,"0
"
2.8877961532524465,temp,0.4130480601576529,0.37571501711285,0.34108796519373125,0.03143042788479526,0.17648217768472874,0.2883469227736055,"0
"
2.9213751782902655,temp,0.41338731233553844,0.39199011884655743,0.3513303288929096,0.029993422472076668,0.18188238444284677,0.2883469227736055,"0
"
2.954954203328085,temp,0.4130179778169469,0.39401819945038363,0.35201278385876844,0.03304879299584557,0.16778436267935323,0.28841881930529234,"0
"
2.988533228365904,temp,0.4123856568795768,0.39365494619541525,0.3503041535580188,0.033232887675315084,0.17737857304917154,0.2884201268468272,"0
"
3.0221122534037232,temp,0.41168434509949486,0.39181063691471674,0.0,0.028858817479305923,0.17323816344719672,0.2884201268468272,"0
"
3.055691278441542,temp,0.4146230697874878,0.3797933492764558,0.0,0.03234151017311277,0.17886705639811973,0.28841881930529234,"0
"
3.0892703034793616,temp,0.4146314508090287,0.380602158118902,0.0,0.02792843841301399,0.1695732759252498,0.2871467639015497,"0
"
3.1228493285171806,temp,0.4108864319979427,0.38705664834621945,0.0,0.030422194250518182,0.17557971284114415,0.28719601364891945,"0
"
3.1564283535549995,temp,0.4027680846343215,0.4207508214587658,0.3625810254274208,0.03008235635502328,0.17976637178644178,0.28711942103268423,"0
"
3.190007378592819,temp,0.4015068866159085,0.42889927663410493,0.3641167395218188,0.027824721040926224,0.17374220849592847,0.28742333781940693,"0
"
3.223586403630638,temp,0.4030132007763517,0.42066913944601936,0.36062445840513924,0.03330793584138354,0.17363196966815392,0.28751490838122085,"0
"
3.2571654286684573,temp,0.4059385790978729,0.4204661418517045,0.3610720149776219,0.032613995745695984,0.1786671009606861,0.2872384597331793,"0
"
3.290744453706276,temp,0.4060453915512402,0.4182569435320137,0.3604899443812546,0.030766611295665682,0.17392659802688262,0.2877774612605525,"0
"
3.3243234787440956,temp,0.4083399319194732,0.4141401161128785,0.3557934794231058,0.028545357661167788,0.16932701473651024,0.2873305312391366,"0
"
3.3579025037819146,temp,0.4087640639782318,0.4111716021900199,0.0,0.026952463976050733,0.17654941440962324,0.2873279368676722,"0
"
3.3914815288197335,temp,0.4073098329282022,0.4194442810257836,0.0,0.03710984375986544,0.17773291602708707,0.28732015403437333,"0
"
3.425060553857553,temp,0.4085746198676565,0.4098138940517999,0.0,0.02891406556582119,0.17471760191053587,0.28732015403437333,"0
"
3.458639578895372,temp,0.4086907632917583,0.40775059081032256,0.0,0.029120701705247984,0.1790860346936097,0.2873240453983188,"0
"
3.4922186039331913,temp,0.4089929583745911,0.40622813674375047,0.0,0.02737597441491733,0.17204260477477268,0.287310501747131,"0
"
3.5257976289710102,temp,0.40466052439050687,0.41718095566079993,0.0,0.029927290829875594,0.17621236628853307,0.287310501747131,"0
"
3.5593766540088296,temp,0.4034292007279592,0.4197813953348894,0.0,0.030156587686295498,0.17871209875611394,0.287310501747131,"0
"
3.5929556790466486,temp,0.40220693678751984,0.4214408852781571,0.0,0.033459520587853196,0.17781596092867122,0.287310501747131,"0
"
3.6265347040844675,temp,0.4023754962718282,0.4190276102295674,0.0,0.029966880826402476,0.1807424767727952,0.287310501747131,"0
"
3.660113729122287,temp,0.40250052173879225,0.41874686499214825,0.0,0.028290547204675713,0.17762262843509075,0.287310501747131,"0
"
3.693692754160106,temp,0.40086787099990934,0.4199359143219752,0.0,0.027967643615368305,0.17682034674125807,0.287310501747131,"0
"
3.7272717791979253,temp,0.40236195148149884,0.418038259780356,0.0,0.02574659465241841,0.18040057726839798,0.287310501747131,"0
"
3.7608508042357442,temp,0.39988790929459217,0.4306103009402201,0.0,0.035171910993451704,0.17736661768950168,0.287310501747131,"0
"
3.7944298292735636,temp,0.39978995735260786,0.43193212847240176,0.0,0.03557856930415936,0.17825417389247433,0.28705768692495914,"0
"
3.8280088543113826,temp,0.3996920064249472,0.4323874935826692,0.0,0.033804765510536544,0.1776213365216937,0.2868319594051628,"0
"
3.8615878793492016,temp,0.3996920064249472,0.4326813279574806,0.0,0.033536265622004464,0.17650817018999274,0.2866874937924932,"0
"
3.895166904387021,temp,0.4001398380566474,0.4467253590068105,0.0,0.03091523979288984,0.17557838124553282,0.2866874937924932,"0
"
3.92874592942484,temp,0.4000156246948362,0.44430271085470024,0.0,0.0312402485200114,0.17529365491458276,0.2865104650847947,"0
"
3.9623249544626593,temp,0.40207572669834224,0.4390686254027157,0.0,0.03146905301385154,0.17651352622285332,0.2865027075812274,"0
"
3.9959039795004783,temp,0.40584413264207725,0.44895792504103144,0.36696048833627853,0.031247605832990473,0.17552203300148017,0.2865014147048073,"0
"
4.029483004538298,temp,0.40673702806604667,0.4450762911334688,0.3644077386664559,0.02852453247299657,0.16989980742601912,0.286608102129811,"0
"
4.063062029576117,temp,0.4073453694348323,0.45365565505831396,0.0,0.03204894465317787,0.1778224010792032,0.2865336883433368,"0
"
4.096641054613936,temp,0.40796850368625276,0.4500277319725617,0.0,0.03239592228181671,0.17331453198552493,0.28650833754421423,"0
"
4.130220079651755,temp,0.4135266134120028,0.4461303286994243,0.35877569594385855,0.0325576090096675,0.17817454651072262,0.2864340648187826,"0
"
4.163799104689574,temp,0.4154927075172319,0.44995342799161575,0.3601735692690401,0.03065191209165047,0.17614993085254127,0.2864250209741004,"0
"
4.197378129727393,temp,0.41667141730625107,0.44765767792529026,0.3575485980954198,0.03292174744138922,0.17960924779039433,0.2864250209741004,"0
"
4.230957154765212,temp,0.42084878519487257,0.4481995676096044,0.35426825993870803,0.03093410388482208,0.17358686221511568,0.2864230942715381,"0
"
4.264536179803032,temp,0.42193715171812024,0.44547734283748186,0.3498028015896957,0.03099991996772436,0.17999508548571003,0.2864269701439352,"0
"
4.298115204840851,temp,0.4246432031717922,0.45077968806338614,0.3504083332342426,0.026375904208348393,0.17917692032851035,0.2864269701439352,"0
"
4.33169422987867,temp,0.4233349265061885,0.4607204263778462,0.3533624201864143,0.028130880394931664,0.1791445842963093,0.2864269701439352,"0
"
4.365273254916489,temp,0.41916990588542974,0.4868115888635131,0.3679239051760568,0.027646737263518226,0.1759303321453387,0.2864269701439352,"0
"
4.398852279954308,temp,0.4179353777798668,0.49921637717670414,0.3727264412407577,0.03021222479084231,0.17852083894525844,0.2864269701439352,"0
"
4.432431304992127,temp,0.4171015943388373,0.5222347956218434,0.3899756402648761,0.028571221639835692,0.18147762574092097,0.2864269701439352,"0
"
4.466010330029946,temp,0.41638954117508764,0.5245624869570222,0.39114319628494115,0.024297328122915074,0.18359503648733144,0.2864269701439352,"0
"
4.499589355067766,temp,0.42146649926180374,0.5207196734619454,0.39317426161945035,0.03173119892121098,0.1766999558632794,0.2864269701439352,"0
"
4.533168380105585,temp,0.42805687706191564,0.4986272521804716,0.3778901956918173,0.03361384568101462,0.17592959340678205,0.2864340648187826,"0
"
4.566747405143404,temp,0.4337384811150609,0.48859088573287,0.37037413516605067,0.033417853926759195,0.18444652057391586,0.28637074917362265,"0
"
4.600326430181223,temp,0.43630750623843273,0.4813904546553004,0.36400549446402586,0.03840985784721211,0.17710666892439725,0.2865063861080157,"0
"
4.633905455219042,temp,0.4380364710843151,0.474866440848953,0.35920050111323615,0.033509231589134145,0.17737795571397935,0.2866020696907198,"0
"
4.667484480256861,temp,0.4400085680983951,0.4742647687423395,0.36214499858482097,0.036112617158098576,0.18539699493027922,0.28659948280764147,"0
"
4.70106350529468,temp,0.44075785869341005,0.4657992451464639,0.3608794812676387,0.03176313114603525,0.17522238428325498,0.2866538171608611,"0
"
4.7346425303325,temp,0.4418631236027736,0.4638892135755989,0.3616434708383382,0.03342767503499991,0.18226608699698035,0.2866738591684084,"0
"
4.768221555370319,temp,0.43496590670993973,0.4493397651957433,0.3574185221837279,0.03308384210414283,0.17646016559364952,0.28622941804856283,"0
"
4.801800580408138,temp,0.4288383028601806,0.44847281351605855,0.36286912241192415,0.03288542819311255,0.17863488207224157,0.2862423201575861,"0
"
4.835379605445957,temp,0.42728215502171396,0.450957710208192,0.36655286112646834,0.03308733519123512,0.17824215861673243,0.28623652230355917,"0
"
4.868958630483776,temp,0.4287609590436144,0.4421038015013499,0.36281675815761316,0.028542811080645148,0.18328829214517697,0.2862158799985577,"0
"
4.902537655521595,temp,0.43038876611733257,0.43198023217137166,0.35610251333008025,0.03324532197990816,0.1752338238372087,0.2862158799985577,"0
"
4.936116680559414,temp,0.4328962462299713,0.4204938607500754,0.34936656966573093,0.035420047923548165,0.18390833813431623,0.2862158799985577,"0
"
4.969695705597234,temp,0.43758473465147296,0.41389125715180725,0.34346033249852886,0.036139008782265364,0.18627108751128807,0.2862158799985577,"0
"
5.003274730635053,temp,0.44017298872147975,0.4184903956113582,0.34185523251809385,0.035717563645288206,0.18219603337108609,0.2862158799985577,"0
"
5.036853755672872,temp,0.4427431874122966,0.40894462385315816,0.3320316249997883,0.033073015861257556,0.17418623079881626,0.2862158799985577,"0
"
5.070432780710691,temp,0.44286120850668326,0.42156376533011714,0.33303002867609405,0.03264210471249458,0.1728968898612097,0.2862158799985577,"0
"
5.10401180574851,temp,0.444827764421242,0.43557250362965283,0.3352014319778482,0.032775113682917224,0.17508927300818433,0.28623910280104214,"0
"
5.137590830786329,temp,0.4467476356960381,0.431153262258858,0.3249676907017065,0.0350302331046373,0.17916336571374725,0.2862223303990372,"0
"
5.171169855824148,temp,0.44929884264262243,0.4489702824106651,0.33029834998074087,0.03342095840753706,0.17858732760354457,0.2862223303990372,"0
"
5.204748880861968,temp,0.44919088370090504,0.45538261103894007,0.3256316937891642,0.030921768835364842,0.1819325152295334,0.2862223303990372,"0
"
5.238327905899787,temp,0.4480961727129568,0.4516446223016332,0.3160569568922665,0.030434715828817616,0.1774690098977357,0.2862223303990372,"0
"
5.271906930937606,temp,0.44329328891829617,0.4659244944571072,0.0,0.03448583496351613,0.18776728764593992,0.2862223303990372,"0
"
5.305485955975425,temp,0.4245779669271594,0.4784707993820628,0.0,0.03421753369971729,0.17764149621025038,0.2862223303990372,"0
"
5.3390649810132444,temp,0.42102676874517136,0.4959710959031136,0.0,0.029876846152355935,0.1828361938467249,0.2862223303990372,"0
"
5.372644006051063,temp,0.4124241263553819,0.5038150888756924,0.0,0.03164268218855185,0.1770585502341346,0.2862223303990372,"0
"
5.406223031088882,temp,0.3930080024630541,0.5337229592977485,0.3302196238868914,0.0340497536056362,0.17008246312365063,0.2862223303990372,"0
"
5.439802056126702,temp,0.390692794916927,0.5373656469959384,0.33260487067991057,0.034232736091681176,0.17021356426786394,0.2862223303990372,"0
"
5.473381081164521,temp,0.3898913823105096,0.5396136897594384,0.33321014390321313,0.029637681664581472,0.17324134540839461,0.2862223303990372,"0
"
5.50696010620234,temp,0.38574848023031794,0.5252976920367333,0.0,0.03505358436289879,0.17510513030153968,0.2862223303990372,"0
"
5.540539131240159,temp,0.3707896168988555,0.5398725392792149,0.32396604760375736,0.03335404380143095,0.16775888411834283,0.2862223303990372,"0
"
5.5741181562779785,temp,0.363267325808419,0.5392795389766647,0.3281249761904753,0.031962110089365704,0.16780133648696546,0.2862223303990372,"0
"
5.607697181315797,temp,0.36297316705233185,0.5381471531802997,0.3174917321758159,0.03454240178244361,0.17126584431161612,0.2865104147864698,"0
"
5.641276206353616,temp,0.355377067352411,0.5425560745499824,0.3165706872090339,0.03405514242578061,0.175767625261887,0.286500146663959,"0
"
5.674855231391436,temp,0.3528052153809521,0.547465055623737,0.31141612032776983,0.030044996740842638,0.17366691678306795,0.28673109926835877,"0
"
5.708434256429255,temp,0.3416055034685478,0.5552276042872115,0.31626887295464284,0.0341357482121724,0.16741308059560134,0.286635187475736,"0
"
5.742013281467074,temp,0.33102129840842565,0.5633041332610966,0.3268103425535979,0.03679778862539109,0.17218499378854663,0.2866306732514152,"0
"
5.775592306504893,temp,0.3215529349889377,0.5596286461579946,0.0,0.03734570228071957,0.16894154154840924,0.286635187475736,"0
"
5.8091713315427125,temp,0.30738062723600523,0.5832719031159067,0.3788469347902923,0.03273998905098772,0.15939979513534236,1.0,"0
"
5.842750356580531,temp,0.300057827759917,0.5675330349279895,0.3779748668893211,0.032058196354571744,0.16682933524044985,2.0,"0
"
5.87632938161835,temp,0.2921238436006209,0.5471037585296277,0.3690379384290997,0.03205307180665719,0.1634668560421419,3.0,"0
"
5.90990840665617,temp,0.2883607462883948,0.5475680751452917,0.375680715501874,0.035458999156873866,0.16001204683773135,4.0,"0
"
5.943487431693989,temp,0.2812992356903943,0.5125654586895202,0.3702026472082554,0.03239909204172717,0.16063538380121284,5.0,"0
"
5.977066456731808,temp,0.278014046407731,0.46792909784747877,0.3570014005574768,0.034253315941167595,0.15767903120034926,6.0,"0
"
6.010645481769627,temp,0.27847748562496033,0.456279708569811,0.3659863385428478,0.032905112023318445,0.16523602387756,7.0,"0
"
6.0442245068074465,temp,0.27556679770973863,0.41805451456350945,0.35717922671958396,0.029661490486162807,0.16047597172103595,8.0,"0
"
6.077803531845265,temp,0.27642774824535976,0.40830769623972274,0.35557418353980647,0.031279195637581546,0.16108096945447462,9.0,"0
"
6.111382556883084,temp,0.2737652644146076,0.40163997025546916,0.3620303854650877,0.03178318618581284,0.16314362872514787,10.0,"0
"
6.144961581920904,temp,0.2713845058215373,0.3895867125536277,0.37184136402503687,0.030305926604513755,0.1633841087446451,11.0,"0
"
6.178540606958723,temp,0.2711575556756625,0.398846712484482,0.3914920177985753,0.030391238452437096,0.16746557002689338,12.0,"0
"
6.212119631996542,temp,0.2695573593875708,0.3957736274418328,0.3990112780360976,0.028672504263098794,0.1680208946413138,13.0,"0
"
6.245698657034361,temp,0.26923491601202104,0.3959505311227779,0.4045862083660292,0.02646572473951366,0.16827981232756806,14.0,"0
"
6.2792776820721805,temp,0.2698909038852551,0.37654062547038025,0.40447496832313373,0.023839451187122697,0.17036129009935314,15.0,"0
"
6.312856707109999,temp,0.27172670093312506,0.3802959102486088,0.4060209354208229,0.02490877113965504,0.17034877933858616,16.0,"0
"
6.346435732147818,temp,0.2727336612888112,0.37866135110830396,0.4037635446644484,0.023859859897720662,0.17375576742828158,17.0,"0
"
6.380014757185638,temp,0.2756424132821363,0.3802288405877425,0.40212062866756787,0.025872776404749727,0.1675511312739814,18.0,"0
"
6.413593782223457,temp,0.27693519097435054,0.37855241159415043,0.39815198103236915,0.02477000324792233,0.16856560454873773,19.0,"0
"
6.447172807261276,temp,0.2800148746049038,0.36203588871766124,0.38587303611421203,0.02432493213877493,0.16754072013356452,20.0,"0
"
6.480751832299095,temp,0.28216734396453463,0.3475508819060662,0.37086385642173325,0.028500221314506535,0.1666809845742836,21.0,"0
"
6.5143308573369145,temp,0.286323750324698,0.32811047774965024,0.352706676999458,0.025108905180966846,0.1641576222475587,22.0,"0
"
6.547909882374733,temp,0.29137872262744235,0.3095177840465675,0.3271238297648155,0.026547576267314812,0.16336122478660267,22.999991072225694,"0
"
6.581488907412552,temp,0.2905423549157678,0.3082032781619199,0.3200906121709914,0.02488021122515736,0.16173405224486942,22.99867422551558,"0
"
6.615067932450372,temp,0.2955153803103994,0.31123881207272924,0.3196951673078591,0.028246594022250465,0.1622467666570488,22.033702348004642,"0
"
6.648646957488191,temp,0.29462292850353655,0.31280262013758403,0.31828446396266347,0.02889833894760517,0.16333928120244623,22.03245245960182,"0
"
6.68222598252601,temp,0.3048447145679256,0.3023678343639213,0.3016819517306264,0.031481533953401884,0.1598995654165315,22.029314346933308,"0
"
6.715805007563829,temp,0.3117341655962657,0.29328493323592847,0.2960152023123137,0.02725583835903761,0.16046000575143649,22.01687795732524,"0
"
6.7493840326016485,temp,0.31167563266960735,0.28977894037378704,0.2947219028168758,0.02734815146295211,0.16419399286117278,22.014235526768058,"0
"
6.782963057639467,temp,0.31586009561196554,0.2938798830359376,0.2939693861612124,0.029908067899819722,0.16049995788152938,22.006454331125116,"0
"
6.8165420826772865,temp,0.3187105583440875,0.2974963841789956,0.0,0.026046150891197734,0.16497107867365052,22.04151398887787,"0
"
6.850121107715106,temp,0.31865813970460566,0.28358818998800084,0.27994642344563003,0.02971248148975947,0.16560842519170194,22.042789968652038,"0
"
6.883700132752925,temp,0.322166013105045,0.2908667115742515,0.2876125866508627,0.02786583037653494,0.16395541961399984,22.047194078429314,"0
"
6.917279157790744,temp,0.3224270925341107,0.2829701785513123,0.2798660393831306,0.0306641601373526,0.16799375347143883,22.048429392400827,"0
"
6.950858182828563,temp,0.328367492300928,0.289924814283291,0.2868954513407279,0.029464388461196526,0.16916918640597176,22.054996489585772,"0
"
6.984437207866383,temp,0.3309212746258542,0.29358747013146774,0.2895876378576958,0.030464927285417706,0.16942143008277677,22.048828372387586,"1
"
7.018016232904201,temp,0.3315778792380457,0.2951340587925629,0.29174303762043746,0.029948703441921146,0.1748680007461963,22.047203791469194,"0
"
7.0515952579420205,temp,0.3316959149582641,0.2956051160606266,0.29389964273540725,0.027881932989459284,0.17207670173543296,22.04778442343559,"0
"
7.08517428297984,temp,0.3330830827286189,0.28361243736456476,0.28284271247461906,0.03018041243473748,0.165184935523331,22.052965824276548,"0
"
7.118753308017659,temp,0.33570007447124584,0.2718403699595973,0.2740529145986227,0.032537938825969254,0.1678003614955612,22.049844029999335,"0
"
7.152332333055478,temp,0.33616107746138607,0.26946300312135707,0.27472167733908437,0.031281103948498715,0.16653437732275822,22.049847135451284,"0
"
7.185911358093297,temp,0.3378299720273499,0.27904070329491204,0.2823366784532254,0.03049459610222914,0.16767799129706398,22.049837198484948,"0
"
7.219490383131117,temp,0.34091754134981084,0.2901741249563784,0.29313819266687174,0.02944402183517957,0.1749634113968841,22.04200932017544,"0
"
7.253069408168935,temp,0.3407743681675604,0.296400142848099,0.30294719011735366,0.03297776001417351,0.16620709809862283,22.034319119669878,"0
"
7.2866484332067545,temp,0.3426968485410976,0.3110989209699612,0.31830802691732424,0.032447441167694505,0.16515649169711474,22.02483212973521,"0
"
7.320227458244574,temp,0.34293949903736665,0.3185455468172476,0.32649655434629016,0.03030984874512601,0.1739763714660598,22.02487625333164,"0
"
7.353806483282393,temp,0.3462392380999011,0.32686969871462157,0.334619186538967,0.027905022124607874,0.1654281800136722,22.02489046923614,"0
"
7.387385508320212,temp,0.3486246835781999,0.3282428766093592,0.33819668833387473,0.03338808465120729,0.16903433079094965,22.0248936305328,"0
"
7.420964533358031,temp,0.3485344889677347,0.3313879116877426,0.340364510488388,0.02994486061480911,0.1723579594191364,22.024780785360274,"0
"
7.454543558395851,temp,0.35253489189015036,0.32801065044795585,0.3345265310853535,0.030639730030091843,0.16880242118352884,22.0248490625993,"0
"
7.488122583433669,temp,0.3533488644385319,0.33431210611873524,0.33952466773417217,0.03273431518978204,0.1751852270642159,22.024726671751843,"0
"
7.5217016084714885,temp,0.35326818424534073,0.3387562392080583,0.3429577233421052,0.03277099761641775,0.1679396229691157,22.024833702882482,"0
"
7.555280633509308,temp,0.3555922665075831,0.34168034690634025,0.3416211351775531,0.032381833195549437,0.16739869820708397,22.024840401997345,"0
"
7.588859658547127,temp,0.35710224026180515,0.34099657515190296,0.34082840257232083,0.03210193026919249,0.166157150141806,22.024405625275904,"0
"
7.622438683584946,temp,0.3622214377973783,0.3533063598226759,0.3488165707072988,0.03309017740940899,0.16141172256756642,22.02386199080778,"0
"
7.656017708622765,temp,0.3635729087817188,0.3653330148826552,0.35282998738769356,0.03584608499059479,0.1685423579080218,22.02374354452702,"0
"
7.689596733660585,temp,0.3631624705279993,0.3677335647584236,0.3540903839417275,0.031124549421357423,0.16854235790802224,22.023513139695712,"0
"
7.723175758698403,temp,0.36532970040772755,0.36945768172762417,0.3500228563965502,0.03582018908088646,0.1714591455118123,22.02153034963279,"0
"
7.7567547837362225,temp,0.3646676020707077,0.37303500970262665,0.3467463049550781,0.03335723145024741,0.17407965291062427,22.02152899824253,"0
"
7.790333808774042,temp,0.36745241868846096,0.380698315556156,0.350202798389733,0.03521266305672564,0.1664597239545923,22.021537109129724,"0
"
7.823912833811861,temp,0.36967543872970515,0.38430900121390144,0.34781604333325394,0.036570035510756646,0.17335277480724104,22.021534404821697,"0
"
7.85749185884968,temp,0.369355127214988,0.39093500322955516,0.3495425582100125,0.034770030335118426,0.16636142684148103,22.02160125588697,"0
"
7.891070883887499,temp,0.3712944384178142,0.399205004086541,0.35400564967243103,0.03151134073652211,0.17035049709655098,22.021595831502292,"0
"
7.924649908925319,temp,0.3724617966986681,0.4105099146182585,0.3606618915272308,0.03533344460398355,0.16823942544133397,22.02159989953535,"0
"
7.958228933963137,temp,0.3718492436458625,0.41399497818534853,0.36307161827936923,0.031294155119129044,0.16794853591406272,22.021125877632898,"0
"
7.9918079590009565,temp,0.37335898274984625,0.419431965756059,0.36340748478808194,0.03275240717350458,0.16506311055534767,22.020803308477976,"0
"
8.025386984038775,temp,0.37315929574378826,0.42113589291989084,0.3642636407878228,0.035541377532503686,0.16568206466318794,22.020809828256237,"0
"
8.058966009076595,temp,0.37433686700617663,0.4314362733563951,0.3693033983055125,0.031222706133626058,0.1641215248314744,22.02080461210678,"0
"
8.092545034114414,temp,0.3763309580674968,0.4366248959107085,0.3690961934238824,0.03859327571428647,0.17176589186852473,22.02080591589898,"0
"
8.126124059152234,temp,0.37642151904480703,0.4414516215588604,0.37259361239828037,0.03297581787990833,0.17164947138759645,22.02126332855272,"0
"
8.159703084190053,temp,0.37681186287058427,0.44692023432825156,0.37428598691375026,0.03274715399643752,0.17242834475284158,22.021136889500344,"0
"
8.193282109227871,temp,0.37629884400566527,0.45122720611288536,0.3761980861195336,0.03497950480543576,0.17476998250392828,22.02092572927728,"0
"
8.226861134265691,temp,0.3770216041555179,0.4476716410783157,0.371,0.03495254922202792,0.17285009273057728,22.020919195703758,"0
"
8.26044015930351,temp,0.3766497311826998,0.447441092418111,0.3697580289865252,0.027107291721883177,0.1702662858936977,22.020921808643518,"0
"
8.294019184341328,temp,0.37574728209263203,0.4514990577434847,0.37168266034347097,0.034189810951899435,0.16652040108532462,22.02092572927728,"0
"
8.327598209379149,temp,0.3751563540712059,0.4511760177679871,0.3706818042472546,0.03116330791761307,0.1693558883183875,22.02093095907529,"0
"
8.361177234416967,temp,0.3750466770949984,0.4548816239790917,0.37290749523172634,0.032474021331718304,0.16455596811380227,22.020928343849565,"0
"
8.394756259454786,temp,0.3747188279230175,0.45829545864735377,0.37492665949489373,0.03102280944589373,0.17523314584886557,22.02099343955014,"0
"
8.428335284492606,temp,0.3725346426844086,0.4708330674417597,0.3797104159751218,0.03801521442502574,0.17174233334317507,22.02099343955014,"0
"
8.461914309530425,temp,0.3726088968342006,0.4771213195529083,0.38256241320861617,0.03278422588775992,0.17127556355414042,22.02099343955014,"0
"
8.495493334568243,temp,0.36787806403752865,0.48737061625375555,0.3819384767210552,0.03424004643185509,0.17524419244974548,22.02099343955014,"0
"
8.529072359606063,temp,0.3631042412310823,0.4999990159096235,0.3864776837024358,0.039020060104119486,0.176513275561483,22.02099343955014,"0
"
8.562651384643882,temp,0.3631520618143314,0.5046840299175152,0.38923643200502184,0.03813142045798548,0.16803658302918423,22.02099343955014,"0
"
8.596230409681702,temp,0.35801791854598564,0.5138720786549956,0.39146136463257775,0.03929146231553726,0.16860178488884786,22.02099343955014,"0
"
8.62980943471952,temp,0.35865539170630073,0.5172748776142838,0.39136939072952553,0.037854650001632344,0.1676628846851559,22.02099343955014,"0
"
8.66338845975734,temp,0.3565261000263515,0.5275927327613802,0.39882953752198447,0.03934443093451426,0.16635725442908925,22.02099343955014,"0
"
8.69696748479516,temp,0.35944416812628915,0.5272907698458579,0.4011034779205985,0.03987794547050248,0.1647208344144931,22.02099343955014,"0
"
8.730546509832978,temp,0.3585124126163556,0.5257727246156507,0.3982825630127435,0.03625520068384145,0.16932540193146822,22.02099343955014,"0
"
8.764125534870796,temp,0.3584024832503257,0.5252799980789158,0.39328488402174827,0.041699513568478994,0.16689210938622673,22.02099343955014,"0
"
8.797704559908617,temp,0.36039378463009036,0.5252968648859189,0.3925328011771755,0.04204330983365448,0.1632992598090503,22.02099343955014,"0
"
8.831283584946435,temp,0.35775374211879324,0.5208573611173953,0.37938107491017525,0.04010763436267879,0.1669292334114923,22.02099343955014,"0
"
8.864862609984254,temp,0.35864356957848836,0.5217847496378533,0.37867136147324376,0.04039291414609326,0.16451307705200957,22.02099343955014,"0
"
8.898441635022074,temp,0.3550888057937056,0.5041573324437791,0.3569677856613955,0.03787928829231807,0.16692604834073105,22.02099343955014,"0
"
8.932020660059893,temp,0.35336884412749237,0.4991716203416341,0.34810630560218236,0.04292227621565899,0.17149887447848552,23.0,"0
"
8.965599685097711,temp,0.3508347046687371,0.4947320903721871,0.34261494421580624,0.04006130606107583,0.16142600167738075,24.0,"0
"
8.999178710135531,temp,0.3515166141166019,0.49578204201792875,0.3438037230746636,0.042691355384163625,0.17149887447848616,25.0,"0
"
9.03275773517335,temp,0.3487961439007032,0.4926932985063394,0.3360059523282289,0.039736213415773505,0.17243779768130413,26.0,"0
"
9.06633676021117,temp,0.34889260525267657,0.49463660384358654,0.33740480138848056,0.04022288472958684,0.16959231844273864,27.0,"0
"
9.099915785248989,temp,0.3478035508731905,0.4876491917631169,0.3302196238868914,0.03973835565707293,0.16498391931096407,28.0,"0
"
9.133494810286807,temp,0.3479191860188225,0.4907842929833901,0.33266950566590864,0.038592895341234626,0.17297017680750548,29.0,"0
"
9.167073835324627,temp,0.34496569394651405,0.4825580404814516,0.33077635949384293,0.043087084234345756,0.16929179670648942,30.0,"0
"
9.200652860362446,temp,0.3418130922009863,0.4687328340015096,0.3281234523773026,0.03794844795280749,0.17446353043365165,31.0,"0
"
9.234231885400265,temp,0.340732299613641,0.4667379386266923,0.3307234494256493,0.036196574924550855,0.17856006589047685,32.0,"0
"
9.267810910438085,temp,0.34170939407631157,0.44485745714955965,0.3259831283977746,0.03606655246802073,0.17302635186605972,33.0,"0
"
9.301389935475903,temp,0.3414412394541702,0.43639682994627665,0.3244595506376719,0.03540305459989129,0.1697661412198152,34.0,"0
"
9.334968960513722,temp,0.34264075939677696,0.4221662813729237,0.32913978793211857,0.03579332349242822,0.16776129220869132,35.0,"0
"
9.368547985551542,temp,0.3432014131672537,0.4077721115344097,0.3368798005223822,0.030842680774940075,0.17482480204828946,36.0,"0
"
9.40212701058936,temp,0.3414000878734509,0.38760562385461256,0.32766598846996614,0.03395455346523332,0.17335902106542822,37.0,"0
"
9.43570603562718,temp,0.3443665779369421,0.39890350320152174,0.34459541494337964,0.03299468689372951,0.1703102212695081,38.0,"0
"
9.469285060665,temp,0.3422034190361049,0.3927812808227873,0.34135172476494097,0.030726350092914294,0.17448863684127724,39.0,"0
"
9.502864085702818,temp,0.3488959443731039,0.4025341833632632,0.3575024475440693,0.032700126095975585,0.17718724152934612,40.0,"0
"
9.536443110740638,temp,0.35490315580450954,0.369829863380904,0.3434064647032726,0.029715335216791726,0.1717317547050254,41.0,"0
"
9.570022135778457,temp,0.35253092062966623,0.3651707868509799,0.34187863343590225,0.027952165988275133,0.17444109387341622,42.0,"0
"
9.603601160816275,temp,0.3565586767980833,0.3529289229483777,0.33942598604113977,0.028115548200380692,0.1673853577538929,43.0,"0
"
9.637180185854096,temp,0.35473629642313176,0.35996733705061573,0.3466554485364395,0.029564413369415128,0.17680216141147848,44.0,"0
"
9.670759210891914,temp,0.35873010746242084,0.35092475262658357,0.3471166950753017,0.027647459140015596,0.16914841306514405,45.0,"0
"
9.704338235929733,temp,0.36525821003777587,0.3448673598351825,0.35202272653906874,0.026529980948104714,0.1785544036296005,46.0,"0
"
9.737917260967553,temp,0.3640503673944033,0.3482846085805679,0.3550169010061352,0.02838311206677247,0.17472259424696024,47.0,"0
"
9.771496286005371,temp,0.37077896380458264,0.32096410947017917,0.33654271645661865,0.025151338668017775,0.16964177317864257,48.0,"0
"
9.80507531104319,temp,0.372564960778654,0.28641678136233983,0.3056681206799296,0.027274099461465112,0.16658090836765535,49.0,"0
"
9.83865433608101,temp,0.3754709309653678,0.296105633576638,0.30441583401656364,0.027440243094851668,0.17119330443260883,50.0,"0
"
9.872233361118829,temp,0.37393246716486117,0.3002378711815123,0.30870050210519584,0.022107874245535813,0.17267645338969842,51.0,"0
"
9.905812386156647,temp,0.3771388736261485,0.3107007306963085,0.3151840732016769,0.025900268941322413,0.17361737201053565,52.0,"0
"
9.939391411194467,temp,0.3769909945874039,0.3103034841219542,0.31829074758779907,0.030197909168621237,0.17193255005898295,53.0,"0
"
9.972970436232286,temp,0.3755341928506644,0.31563574559003676,0.32509844662809445,0.028723552897803165,0.16928484595872162,54.0,"0
"
10.006549461270106,temp,0.3767777461581296,0.32575403122956076,0.33100604224092345,0.029372030747730267,0.16786809157129223,55.0,"0
"
10.040128486307925,temp,0.37730153723514037,0.3298239135873022,0.3345265310853535,0.02555519354530439,0.16901273940722567,56.0,"0
"
10.073707511345743,temp,0.3778021307510057,0.3326782593933475,0.33720172004306265,0.024099570943168357,0.1645412372715832,57.0,"0
"
10.107286536383564,temp,0.3779386987330088,0.3334740428520126,0.3380961401731762,0.027813959457955714,0.17171205919421156,58.0,"0
"
10.140865561421382,temp,0.3756809816852591,0.36189866051154546,0.3559845502265513,0.029429208284102948,0.17183505456095427,59.0,"0
"
10.1744445864592,temp,0.3753718423110609,0.36636507900080817,0.35866558240232643,0.024215044922368166,0.16609902148557518,60.0,"0
"
10.20802361149702,temp,0.36711641205481405,0.3797449669371271,0.38538941345086275,0.028960139805628938,0.17070270396693282,60.017693092888734,"0
"
10.24160263653484,temp,0.3631381417587527,0.37978671932079444,0.3906737769546352,0.025504626213157508,0.1708102826734288,60.01771267989441,"0
"
10.275181661572658,temp,0.36469875239709826,0.37071538995910674,0.38209946349085605,0.028550586063634982,0.1759799263141565,60.01770815596799,"0
"
10.308760686610478,temp,0.36099569249507674,0.38525149096741734,0.39262322906318214,0.025040322746014143,0.16495235602176592,60.017700621223725,"0
"
10.342339711648297,temp,0.35846525633595233,0.40834766885254686,0.0,0.028014893701477375,0.17038051571816432,60.01771569712972,"0
"
10.375918736686115,temp,0.35875555744824356,0.4130357620592792,0.41076148797081746,0.028667638965500702,0.1706404561290339,60.017694598043384,"0
"
10.409497761723935,temp,0.3583694322901997,0.41106817776917054,0.0,0.02941674507707983,0.17097753434815977,60.01763352926144,"0
"
10.443076786761754,temp,0.3560753993187398,0.4341930046510181,0.4187994746892598,0.03512181066678573,0.16887194544157164,60.01754834312974,"0
"
10.476655811799574,temp,0.3564609515781497,0.4325541518465435,0.4201868631930322,0.029586986144661324,0.1762754699058186,60.01730015340038,"0
"
10.510234836837393,temp,0.3569803355928727,0.43042706030340494,0.4185271795236242,0.029606092989382826,0.16876688279383972,60.01730015340038,"0
"
10.543813861875211,temp,0.35318864647663856,0.440499670929994,0.42325406081926725,0.029548232076663065,0.1712869811624881,60.01730015340038,"0
"
10.577392886913032,temp,0.35110872959811185,0.45426705275667917,0.431296881509709,0.031191806603888535,0.17516191036355466,60.01730015340038,"0
"
10.61097191195085,temp,0.34823562425461296,0.4522290676982331,0.4296242544363621,0.029309913032542836,0.17064424835743186,60.01730015340038,"0
"
10.644550936988669,temp,0.34533708170423866,0.46814749376985465,0.4404406884019686,0.03301832932512746,0.17714417704503896,60.016917453030686,"0
"
10.678129962026489,temp,0.34559182571351427,0.4683990965586493,0.43850769662572625,0.031009453213986505,0.17700922399297764,60.016775951630756,"0
"
10.711708987064307,temp,0.3428028587978811,0.46627218478917426,0.43717273473994234,0.034469299694519305,0.17544851405739595,60.016787388155095,"0
"
10.745288012102126,temp,0.34299403784905647,0.4527619180861337,0.4253398641086913,0.03625954718716011,0.17202838330309445,60.016787388155095,"0
"
10.778867037139946,temp,0.3437102558842258,0.44814566673082795,0.419869027197768,0.03423926804156984,0.17545430198232237,60.016787388155095,"0
"
10.812446062177765,temp,0.3420194877488708,0.4480481839415713,0.41880305634032805,0.03527708519423603,0.17095677949089558,60.01712533015251,"0
"
10.846025087215583,temp,0.3419073558729031,0.43331515521584574,0.40894987467903693,0.03450646614761383,0.1637501336992484,60.01712970853929,"0
"
10.879604112253404,temp,0.34280393813373844,0.43200830155449893,0.40803186150103526,0.032378255980495096,0.17225730703680578,60.017043033659995,"0
"
10.913183137291222,temp,0.34219948860277394,0.41303756221949833,0.3946973524106793,0.028760485561431376,0.168548273243098,60.017043033659995,"0
"
10.946762162329042,temp,0.342125430215294,0.4118977172573144,0.39302162790360534,0.032117346121361474,0.1696882705076579,60.01704593880508,"0
"
10.98034118736686,temp,0.3397094346643908,0.4040163327245615,0.3874661275518158,0.031661087783935206,0.17118398576263358,60.017044486108745,"0
"
11.01392021240468,temp,0.337477021439979,0.39753229145726704,0.38421998906876254,0.0317350800280512,0.16739265174766454,60.01704884494075,"0
"
11.0474992374425,temp,0.33686089117022766,0.3953695688849647,0.3845516870330957,0.03026620027834606,0.17501929750109313,60.01704884494075,"0
"
11.081078262480318,temp,0.3356773897658286,0.39055850007213894,0.0,0.028312819977117938,0.16449622228763539,60.01712970853929,"0
"
